/*CLiente*/

INSERT INTO cliente (id,cnpj,nome_fantasia,razao_social,telefone_fixo,telefone_movel,end_estado,end_cidade,end_bairro,end_cep,end_logradouro, end_complemento) 
    VALUES (00001,'10201325698523','Casa da Preta', 'Luiza Almeida EIRELI','8100000000','81000000000','PE','Recife','Iputinga','51000000','Rua 08', 'loja 02');
INSERT INTO cliente (id,cnpj,nome_fantasia,razao_social,telefone_fixo,telefone_movel,end_estado,end_cidade,end_bairro,end_cep,end_logradouro, end_complemento) 
    VALUES (00002,'32565874693218','Botique Total', 'Total Mendonça LTDA','8100000001','81000000001','PE','Recife','Boa Viagem','51000001','Rua Joao Lira', 'loja 087');
INSERT INTO cliente (id,id_matriz_FK,cnpj,nome_fantasia,razao_social,telefone_fixo,telefone_movel,end_estado,end_cidade,end_bairro,end_cep,end_logradouro, end_complemento) 
    VALUES (00003,00001,'21457896325600','Lojas Mixx', 'Aluizio Terra EIRELI','8100000002','81000000004','PE','Recife','Boa Vista','51000004','Rua Filho Duarte', 'loja 82');
INSERT INTO cliente (id,id_matriz_FK,cnpj,nome_fantasia,razao_social,telefone_fixo,telefone_movel,end_estado,end_cidade,end_bairro,end_cep,end_logradouro) 
    VALUES (00004,00001,'12358788698511','Loja da Criança','Paz e Lima EIRELI','8100000003','81000000004','PE','Olinda','Peixinhos','51000004','Rua Setenta');    
INSERT INTO cliente (id,cnpj,nome_fantasia,razao_social,telefone_fixo,telefone_movel,end_estado,end_cidade,end_bairro,end_cep,end_logradouro, end_complemento) 
    VALUES (00005,'14789658736922','Plati', 'Plati Comercio LTDA','8100000004','81000000005','PE','Recife','Boa Vista','51000005','Rua 65', '587');
INSERT INTO cliente (id,cnpj,nome_fantasia,razao_social,telefone_fixo,telefone_movel,end_estado,end_cidade,end_bairro,end_cep,end_logradouro, end_complemento) 
    VALUES (00006,'36587496588724','Ink Estúdio', 'Miami Ink Estúdio de Tatuagens EIRELI','8100000006','81000000006','PE','Recife','Boa Vista','51000007','Rua dos lirios', '36');
INSERT INTO cliente (id,cnpj,nome_fantasia,razao_social,telefone_fixo,telefone_movel,end_estado,end_cidade,end_bairro,end_cep,end_logradouro, end_complemento) 
    VALUES (00007,'32587496587496','AFS Comercio', ' A F S Comércio de Vestuários EIRELI','8100000007','81000000007','PE','Olinda','Casa Caiada','51000008','Rua da Caixa', '387, Galeria Alpha');
INSERT INTO cliente (id,cnpj,nome_fantasia,razao_social,telefone_fixo,telefone_movel,end_estado,end_cidade,end_bairro,end_cep,end_logradouro, end_complemento) 
    VALUES (00008,'10224536587966','Filhos e Associados', ' Paulo e Cia Ltda','8100000008','81000000008','PE','Olinda','Bairro Novo','51000009','Rua Nova Rosa', '25, edf Jonas, sl 65');
INSERT INTO cliente (id,cnpj,nome_fantasia,razao_social,telefone_fixo,telefone_movel,end_estado,end_cidade,end_bairro,end_cep,end_logradouro, end_complemento) 
    VALUES (00009,'10236547896589','Campos Automoveis', ' Irmãos Silva EIRELI','8100000009','81000000009','PE','Igarassu','Cruz de Rebouças','51000010','Rua Lima e Freitas', '14');
INSERT INTO cliente (id,cnpj,nome_fantasia,razao_social,telefone_fixo,telefone_movel,end_estado,end_cidade,end_bairro,end_cep,end_logradouro, end_complemento) 
    VALUES (00010,'10236589647859','Justo Confecções', 'Justo Comércio de Confecções Ltda','8100000010','81000000010','PE','Jaboatão dos Guararapes','Piedade','51000006','Av Carlos Leite', '5875');
INSERT INTO cliente (id,id_matriz_FK,cnpj,nome_fantasia,razao_social,telefone_fixo,telefone_movel,end_estado,end_cidade,end_bairro,end_cep,end_logradouro, end_complemento) 
    VALUES (00011,00009,'10236589796963','Leila Alimentos', ' Indústria de Alimentos Leila Ltda','8100000011','81000000011','PE','Paulista','Aurora','51000011','Av da Integração', '859');
INSERT INTO cliente (id,cnpj,nome_fantasia,razao_social,telefone_fixo,telefone_movel,end_estado,end_cidade,end_bairro,end_cep,end_logradouro, end_complemento) 
    VALUES (00012,'10325698745876','Souza e Filhos', ' Luiz Souza Santos','8100000012','81000000012','PE','Recife','Madalena','51000012','Av da Integração', '63, galeria black');
INSERT INTO cliente (id,cnpj,nome_fantasia,razao_social,telefone_fixo,telefone_movel,end_estado,end_cidade,end_bairro,end_cep,end_logradouro, end_complemento) 
    VALUES (00013,'10254789636593','ADD Soluções','Indústria de Alimentos Leila Ltda','8100000013','81000000013','PE','Jaboatão dos Guararapes','Barra de Jangada','51000013','Rua Vinte e Nove', '15');
INSERT INTO cliente (id,cnpj,nome_fantasia,razao_social,telefone_fixo,telefone_movel,end_estado,end_cidade,end_bairro,end_cep,end_logradouro, end_complemento) 
    VALUES (00014,'10325478962893','Blup', ' Indústria de Alimentos Henrique Nunes Ltda','8100000014','81000000014','PE','Olinda','Bairro Novo','51000011','Rua Liberdade', '08');
INSERT INTO cliente (id,cnpj,nome_fantasia,razao_social,telefone_fixo,telefone_movel,end_estado,end_cidade,end_bairro,end_cep,end_logradouro, end_complemento) 
    VALUES (00015,'10365874211589','Use Flora', ' Indústria de Vestuário Amanda Gomes Ltda','8100000015','81000000015','PE','Olinda','Peixinhos','51000015','Rua Graça', '30');
INSERT INTO cliente (id,cnpj,nome_fantasia,razao_social,telefone_fixo,telefone_movel,end_estado,end_cidade,end_bairro,end_cep,end_logradouro, end_complemento) 
    VALUES (00016,'10332569412503','ArteMil', ' Alvez Artesanato EIRELI','8100000016','81000000016','PE','Recife','Jardim Sao Paulo','51000011','Av da Conceição', '79');
INSERT INTO cliente (id,cnpj,nome_fantasia,razao_social,telefone_fixo,telefone_movel,end_estado,end_cidade,end_bairro,end_cep,end_logradouro, end_complemento) 
    VALUES (00017,'13201456998563','Compe', ' Indústria de Alimentos Leila Ltda','8100000017','81000000017','PE','Paulista','Jardim Paulista','51000017','Br 101', '3286');
INSERT INTO cliente (id,cnpj,nome_fantasia,razao_social,telefone_fixo,telefone_movel,end_estado,end_cidade,end_bairro,end_cep,end_logradouro, end_complemento) 
    VALUES (00018,'10302145875368','RatOffice', 'Barcelos EIRELI','8100000018','81000000018','PE','Paulista','Aurora','51000018','Rua 56', '325');
INSERT INTO cliente (id,cnpj,nome_fantasia,razao_social,telefone_fixo,telefone_movel,end_estado,end_cidade,end_bairro,end_cep,end_logradouro, end_complemento) 
    VALUES (00019,'10300214478393','Santana Empreendimentos', 'EF Empreendimentos EIRELI  ','8100000019','81000000019','PE','Paulista','Centro','51000019','Av Alto da Vila', '52');
INSERT INTO cliente (id,cnpj,nome_fantasia,razao_social,telefone_fixo,telefone_movel,end_estado,end_cidade,end_bairro,end_cep,end_logradouro, end_complemento) 
    VALUES (00020,'12143658996321','Agência Ferraz ', 'Ferraz Mendes EIRELI','8100000020','81000000020','PB','Joao Pessoa','Mangabeira','57000020','Av Sul', '88, edf Pessoa');

/*Tecnico*/
INSERT INTO tecnico (id,nome,cpf,telefone_fixo,telefone_movel,end_estado,end_cidade,end_bairro,end_cep,end_logradouro, end_complemento) 
    VALUES (001,'Cleber Gonçalves de Lima','10236547369','811000000','811000000','PE','Recife','Arruda','53000000','Rua Vinte e Um', '20');
INSERT INTO tecnico (id,nome,cpf,telefone_fixo,telefone_movel,end_estado,end_cidade,end_bairro,end_cep,end_logradouro, end_complemento) 
    VALUES (002,'Ana Cristina da Silva','02525698511','81100001','8110000001','PE','Recife','Curado','53000001','Rua Laranja', '201');
INSERT INTO tecnico (id,nome,cpf,telefone_fixo,telefone_movel,end_estado,end_cidade,end_bairro,end_cep,end_logradouro, end_complemento) 
    VALUES (003,'José Maria Silva','02136985625','81100002','8110000002','PE','Recife','Campo Grande','53000002','Rua 25', '2');
INSERT INTO tecnico (id,nome,cpf,telefone_fixo,telefone_movel,end_estado,end_cidade,end_bairro,end_cep,end_logradouro, end_complemento) 
    VALUES (004,'Vitoria Costa','20365893258','811000003','8110000004','PE','Recife','Madalena','53000003','Rua Vinte e Um', '20');
INSERT INTO tecnico (id,nome,cpf,telefone_fixo,telefone_movel,end_estado,end_cidade,end_bairro,end_cep,end_logradouro, end_complemento) 
    VALUES (005,'Carla Maria Santos','12583403693','811000005','8110000005','PE','Olinda','Tabajara','53000005','Rua 8', '05');
INSERT INTO tecnico (id,nome,cpf,telefone_fixo,telefone_movel,end_estado,end_cidade,end_bairro,end_cep,end_logradouro, end_complemento) 
    VALUES (006,'Gustavo Freitas Silva','89632514502','81100006','8110000006','PE','Paulista','Jardim Paulista','53000006','Rua Nova', '14');
INSERT INTO tecnico (id,nome,cpf,telefone_fixo,telefone_movel,end_estado,end_cidade,end_bairro,end_cep,end_logradouro, end_complemento) 
    VALUES (007,'Caio Silva Nascimento','10298602435','81100007','81100000007','PE','Recife','Monteiro','53000007','Rua Lopes', '16');
INSERT INTO tecnico (id,nome,cpf,telefone_fixo,telefone_movel,end_estado,end_cidade,end_bairro,end_cep,end_logradouro, end_complemento) 
    VALUES (008,'Silvana Maria Santos Silva','78965933652','81100008','8110000008','PE','Recife','Santo Amaro','53000008','Rua Simas', '02');
INSERT INTO tecnico (id,nome,cpf,telefone_fixo,telefone_movel,end_estado,end_cidade,end_bairro,end_cep,end_logradouro, end_complemento) 
    VALUES (009,'Mirela Souza','02631595615','8110000009','8110000009','PE','Jaboatão dos Guararapes','Candeias','53000009','Av Rosa', '258, apt 203');
INSERT INTO tecnico (id,nome,cpf,telefone_fixo,telefone_movel,end_estado,end_cidade,end_bairro,end_cep,end_logradouro, end_complemento) 
    VALUES (010,'Pedro Antonio Nunes','10325894531','8110000010','811000010','PE','Recife','Afogados','53000010','Rua 75', '03');
INSERT INTO tecnico (id,nome,cpf,telefone_fixo,telefone_movel,end_estado,end_cidade,end_bairro,end_cep,end_logradouro, end_complemento) 
    VALUES (011,'Bruna Leal Barros','96325485602','811000011','81100000011','PE','Recife','Tamarineira','53000011','Rua Campos', '258, apt 25');
INSERT INTO tecnico (id,nome,cpf,telefone_fixo,telefone_movel,end_estado,end_cidade,end_bairro,end_cep,end_logradouro, end_complemento) 
    VALUES (012,'Barbara Farias Tavares','10725603215','811000012','8110000012','PE','Recife','Santo Amaro','53000012','Rua Maranhão', '85');
INSERT INTO tecnico (id,nome,cpf,telefone_fixo,telefone_movel,end_estado,end_cidade,end_bairro,end_cep,end_logradouro, end_complemento) 
    VALUES (013,'Bruno Jose Lopes Silva','10932503214','811000013','8110000013','PE','Jaboatão dos Guararapes','Piedade','53000013','Rua 47', '02');
INSERT INTO tecnico (id,nome,cpf,telefone_fixo,telefone_movel,end_estado,end_cidade,end_bairro,end_cep,end_logradouro, end_complemento) 
    VALUES (014,'Tais Regina Machado Araujo','14132568910','811000014','811000014','PE','Recife','Boa Vista','53000014','Rua Lagoa Azul', '25, apt 102');


/*PECA*/
INSERT INTO peca(cod_peca,descricao) 
    VALUES (00000000,'Tracionador Fujitsu lx1500');
INSERT INTO peca(cod_peca,descricao) 
    VALUES (00000001,'Roletes Fujitsu Sp1130');
INSERT INTO peca(cod_peca,descricao) 
    VALUES (00000002,'Controladora Fujitsu Aobr24');
INSERT INTO peca(cod_peca,descricao) 
    VALUES (00000003,'Noritsu minilab gear A035199');
INSERT INTO peca(cod_peca,descricao) 
    VALUES (00000004,'Cabeca Impressao Epson L355');
INSERT INTO peca(cod_peca,descricao) 
    VALUES (00000005,'Almofada Epson L110');
INSERT INTO peca(cod_peca,descricao) 
    VALUES (00000006,'Rolete Tradicional Epson L355');
INSERT INTO peca(cod_peca,descricao) 
    VALUES (00000007,'ACIONADOR FUSOR ACULASER C8500');
INSERT INTO peca(cod_peca,descricao) 
    VALUES (00000008,'ALAVANCA ACIONAMENTO EPL5900L');
INSERT INTO peca(cod_peca,descricao) 
    VALUES (00000009,'ADESIVO PAINEL TMU 370/375');
INSERT INTO peca(cod_peca,descricao) 
    VALUES (00000010,'ALAVANCA EPL5800');
INSERT INTO peca(cod_peca,descricao) 
    VALUES (00000011,'ALAVANCA ROLO LX 350');
INSERT INTO peca(cod_peca,descricao) 
    VALUES (00000012,'ALIMENTADOR PAPEL STY CX3500');
INSERT INTO peca(cod_peca,descricao) 
    VALUES (00000013,'BANDEJA CD STY R200');
INSERT INTO peca(cod_peca,descricao) 
    VALUES (00000014,'BANDEJA SAIDA PAPEL CX5600');
INSERT INTO peca(cod_peca,descricao) 
    VALUES (00000015,'BANDEJA SAIDA PAPEL STY II/500');
INSERT INTO peca(cod_peca,descricao) 
    VALUES (00000016,'BOMBA TINTA STYC760/860/1160/P');
INSERT INTO peca(cod_peca,descricao) 
    VALUES (00000017,'BOTAO MICRO SWITCH EPL 5700');
INSERT INTO peca(cod_peca,descricao) 
    VALUES (00000018,'BUCHA ALAVANCA MUDANCA STY200');
INSERT INTO peca(cod_peca,descricao) 
    VALUES (00000019,'Cabeca Impressao TMT88V');
INSERT INTO peca(cod_peca,descricao) 
    VALUES (00000020,'CARRO IMPR STY C82/CX5200');
    
    
/*CONTRATO_DESCONTO*/    
INSERT INTO contrato_desconto (numero_con,id_cli_con_fk,data_ini,data_ter,valor,qpv,qc,qcv,qp,porc_desc)
    VALUES(0001,00019,date '2019-08-15', date'2019-09-23',520,26,27,32,56,10);
INSERT INTO contrato_desconto (numero_con,id_cli_con_fk,data_ini,data_ter,valor,qpv,qc,qcv,qp,porc_desc)
    VALUES(0002,00020,date '2019-08-16',date '2019-09-24',50,2,3,4,2,3);
INSERT INTO contrato_desconto (numero_con,id_cli_con_fk,data_ini,data_ter,valor,qpv,qc,qcv,qp,porc_desc)
    VALUES(0003,00012, date '2019-08-20',date '2019-09-20',5233,9,7,25,6,10);
INSERT INTO contrato_desconto (numero_con,id_cli_con_fk,data_ini,data_ter,valor,qpv,qc,qcv,qp,porc_desc)
    VALUES(0004,00013,date '2019-09-05',date '2019-09-30',5200,26,27,32,56,10);
INSERT INTO contrato_desconto (numero_con,id_cli_con_fk,data_ini,data_ter,valor,qpv,qc,qcv,qp,porc_desc)
    VALUES(0005,00014, date '2019-07-15',date '2019-08-23',450,20,27,6,4,5);
INSERT INTO contrato_desconto (numero_con,id_cli_con_fk,data_ini,data_ter,valor,qpv,qc,qcv,qp,porc_desc)
    VALUES(0006,00015,date'2019-08-15',date'2019-09-20',850,1,5,21,7,5);
INSERT INTO contrato_desconto (numero_con,id_cli_con_fk,data_ini,data_ter,valor,qpv,qc,qcv,qp,porc_desc)
    VALUES(0007,00017,date'2019-08-17',date'2019-10-06',265,39,7,10,2,10);
INSERT INTO contrato_desconto (numero_con,id_cli_con_fk,data_ini,data_ter,valor,qpv,qc,qcv,qp,porc_desc)
    VALUES(0008,00018,date'2018-08-25',date'2018-09-23',2000,5,8,10,6,10);
INSERT INTO contrato_desconto (numero_con,id_cli_con_fk,data_ini,data_ter,valor,qpv,qc,qcv,qp,porc_desc)
    VALUES(0009,00011,date'2020-06-14',date'2019-07-23',630.50,5,4,8,3,15);
INSERT INTO contrato_desconto (numero_con,id_cli_con_fk,data_ini,data_ter,valor,qpv,qc,qcv,qp,porc_desc)
    VALUES(0010,00016,date'2019-10-25',date'2019-12-18',325,1,2,4,8,5);
INSERT INTO contrato_desconto (numero_con,id_cli_con_fk,data_ini,data_ter,valor,qpv,qc,qcv,qp,porc_desc)
    VALUES(0011,00009,date'2019-03-09',date'2019-05-05',1023,4,5,8,3,15);
INSERT INTO contrato_desconto (numero_con,id_cli_con_fk,data_ini,data_ter,valor,qpv,qc,qcv,qp,porc_desc)
    VALUES(0012,00001,date'2019-02-04',date'2019-05-03',2036,8,7,2,3,10);
INSERT INTO contrato_desconto (numero_con,id_cli_con_fk,data_ini,data_ter,valor,qpv,qc,qcv,qp,porc_desc)
    VALUES(0013,00002,date'2019-11-28',date'2020-01-06',3251,7,6,3,5,5);
INSERT INTO contrato_desconto (numero_con,id_cli_con_fk,data_ini,data_ter,valor,qpv,qc,qcv,qp,porc_desc)
    VALUES(0014,00003,date'2019-01-06',date'2019-04-25',965,7,2,9,2,10);
INSERT INTO contrato_desconto (numero_con,id_cli_con_fk,data_ini,data_ter,valor,qpv,qc,qcv,qp,porc_desc)
    VALUES(0015,00007,date'2018-12-08',date'2020-01-06',2015,7,3,9,6,10);
INSERT INTO contrato_desconto (numero_con,id_cli_con_fk,data_ini,data_ter,valor,qpv,qc,qcv,qp,porc_desc)
    VALUES(0016,00004,date'2019-12-15',date'2020-01-25',3256,8,9,3,1,5);
INSERT INTO contrato_desconto (numero_con,id_cli_con_fk,data_ini,data_ter,valor,qpv,qc,qcv,qp,porc_desc)
    VALUES(0017,00005,date'2019-08-07',date'2019-09-03',1305,5,7,6,3,5);
INSERT INTO contrato_desconto (numero_con,id_cli_con_fk,data_ini,data_ter,valor,qpv,qc,qcv,qp,porc_desc)
    VALUES(0018,00008,date'2019-05-06',date'2019-09-09',2145,2,4,9,3,15);
INSERT INTO contrato_desconto (numero_con,id_cli_con_fk,data_ini,data_ter,valor,qpv,qc,qcv,qp,porc_desc)
    VALUES(0019,00006,date'2019-02-03',date'2019-04-19',3058,7,8,2,9,10);
INSERT INTO contrato_desconto (numero_con,id_cli_con_fk,data_ini,data_ter,valor,qpv,qc,qcv,qp,porc_desc)
    VALUES(0020,00010,date'2018-08-15',date'2018-09-14',450,5,8,7,6,10);


/*EQUIPAMENTO*/
INSERT INTO equipamento(ns,numero_con_FK, modelo,fabricante,data_fabricacao) 
    VALUES('32145896228',0020,'LP5700', 'Fujitsu', date '2010-10-28');
INSERT INTO equipamento(ns,numero_con_FK, modelo,fabricante,data_fabricacao) 
    VALUES('2845E685D',0020,'L522', 'Epson', date '2015-08-03');
INSERT INTO equipamento(ns,numero_con_FK, modelo,fabricante,data_fabricacao) 
    VALUES('R1258A226',0020,'256P', 'Fujitsu', date'2018-06-14');
INSERT INTO equipamento(ns,numero_con_FK, modelo,fabricante,data_fabricacao) 
    VALUES('FFE02397',0014,'L3150', 'Epson', date '2017-07-03');
INSERT INTO equipamento(ns,numero_con_FK, modelo,fabricante,data_fabricacao) 
    VALUES('AA05539',0016,'L302', 'Fujitsu', date'2019-09-13');
INSERT INTO equipamento(ns,numero_con_FK, modelo,fabricante,data_fabricacao) 
    VALUES('032896559',0017,'LP5701', 'Fujitsu', date'2010-12-02');
INSERT INTO equipamento(ns,numero_con_FK, modelo,fabricante,data_fabricacao) 
    VALUES('03328E05',0007,'HL460', 'Brother',date '2015-04-06');
INSERT INTO equipamento(ns,numero_con_FK, modelo,fabricante,data_fabricacao) 
    VALUES('30266AS05',0008,'CH2365C', 'HP', date'2010-10-28');
INSERT INTO equipamento(ns,numero_con_FK, modelo,fabricante,data_fabricacao) 
    VALUES('325893A25S',0001,'HLT40', 'Brother', date'2010-10-28');
INSERT INTO equipamento(ns,numero_con_FK, modelo,fabricante,data_fabricacao) 
    VALUES('AC0541838',0003,'B205', 'Xerox', date'2009-05-18');
INSERT INTO equipamento(ns,numero_con_FK, modelo,fabricante,data_fabricacao) 
    VALUES('VFE0239A',0003,'B148', 'Xerox', date '2013-05-07');
INSERT INTO equipamento(ns,numero_con_FK, modelo,fabricante,data_fabricacao) 
    VALUES('32596A28E',0003,'B0325', 'Xerox', date '2019-01-09');
INSERT INTO equipamento(ns,numero_con_FK, modelo,fabricante,data_fabricacao) 
    VALUES('33225AA25',0004,'L0236', 'HP', date '2019-06-07');
INSERT INTO equipamento(ns,numero_con_FK, modelo,fabricante,data_fabricacao) 
    VALUES('3698AA120',0019,'014LU', 'Epson', date '2018-05-13');
INSERT INTO equipamento(ns,numero_con_FK, modelo,fabricante,data_fabricacao) 
    VALUES('V302859R',0005,'LT0148', 'HP', date '2016-09-01');
INSERT INTO equipamento(ns,numero_con_FK, modelo,fabricante,data_fabricacao) 
    VALUES('021369856',00012,'N014', 'Fujitsu', date '2011-03-06');
INSERT INTO equipamento(ns,numero_con_FK, modelo,fabricante,data_fabricacao) 
    VALUES('032586A152',0001,'LO0258', 'Xerox', date '2014-05-10');

/*REQUISITA*/
INSERT INTO requisita (id_FK,cod_peca_FK)
    VALUES(003,00000004);
INSERT INTO requisita (id_FK,cod_peca_FK)
    VALUES(002,00000003);
INSERT INTO requisita (id_FK,cod_peca_FK)
    VALUES(003,00000016);
INSERT INTO requisita (id_FK,cod_peca_FK)
    VALUES(004,00000018);
INSERT INTO requisita (id_FK,cod_peca_FK)
    VALUES(004,00000002);
INSERT INTO requisita (id_FK,cod_peca_FK)
    VALUES(001,00000008);
INSERT INTO requisita (id_FK,cod_peca_FK)
    VALUES(009,00000019);
INSERT INTO requisita (id_FK,cod_peca_FK)
    VALUES(009,00000013);
INSERT INTO requisita (id_FK,cod_peca_FK)
    VALUES(010,00000007);
INSERT INTO requisita (id_FK,cod_peca_FK)
    VALUES(014,00000009);
INSERT INTO requisita (id_FK,cod_peca_FK)
    VALUES(011,00000005);
INSERT INTO requisita (id_FK,cod_peca_FK)
    VALUES(014,00000006);
INSERT INTO requisita (id_FK,cod_peca_FK)
    VALUES(006,00000015);
INSERT INTO requisita (id_FK,cod_peca_FK)
    VALUES(007,00000014);
INSERT INTO requisita (id_FK,cod_peca_FK)
    VALUES(009,00000020);


/*REPARO*/
INSERT INTO reparo(id_reparo,ns_FK,data_rep,numero_reparos)
    VALUES(000001,'32145896228',date '2019-08-10',3);
INSERT INTO reparo(id_reparo,ns_FK,data_rep,numero_reparos)
    VALUES(000002,'032586A152',date '2019-10-09',2);
INSERT INTO reparo(id_reparo,ns_FK,data_rep,numero_reparos)
    VALUES(000003,'021369856',date '2020-01-09',5);
INSERT INTO reparo(id_reparo,ns_FK,data_rep,numero_reparos)
    VALUES(000004,'V302859R',date '2020-03-03',7);
INSERT INTO reparo(id_reparo,ns_FK,data_rep,numero_reparos)
    VALUES(000005,'3698AA120',date '2020-04-03',1);
INSERT INTO reparo(id_reparo,ns_FK,data_rep,numero_reparos)
    VALUES(000006,'33225AA25',date '2020-06-18',4);
INSERT INTO reparo(id_reparo,ns_FK,data_rep,numero_reparos)
    VALUES(000007,'032896559',date '2020-04-03',1);
INSERT INTO reparo(id_reparo,ns_FK,data_rep,numero_reparos)
    VALUES(000008,'FFE02397',date '2020-03-12',1);
INSERT INTO reparo(id_reparo,ns_FK,data_rep,numero_reparos)
    VALUES(000009,'AA05539',date '2020-08-10',2);
INSERT INTO reparo(id_reparo,ns_FK,data_rep,numero_reparos)
    VALUES(0000010,'R1258A226',date '2020-06-17',3);


    
/*OS*/
INSERT INTO OS(numero_os,id_tec_os_FK,id_cli_os_FK,ns_FK,data_ini,data_ter,tipo,desc_serv,data_ger)
    VALUES(000001,014,00001,'32145896228',date '2020-03-01',date'2020-04-15','MC','Troca de Placa',date '2020-03-10');
INSERT INTO OS(numero_os,id_tec_os_FK,id_cli_os_FK,ns_FK,data_ini,data_ter,tipo,desc_serv,data_ger)
    VALUES(000002,014,00002,'032586A152',date '2020-03-02',date'2020-04-15','MC','Troca de componentes',date '2020-02-10');
INSERT INTO OS(numero_os,id_tec_os_FK,id_cli_os_FK,ns_FK,data_ini,data_ter,tipo,desc_serv,data_ger)
    VALUES(000003,013,00003,'032896559',date '2020-04-11',date'2020-05-02','MP','Limpeza do Equipamento',date '2020-04-09');
INSERT INTO OS(numero_os,id_tec_os_FK,id_cli_os_FK,ns_FK,data_ini,data_ter,tipo,desc_serv,data_ger)
    VALUES(000004,012,00004,'R1258A226',date '2020-04-15',date'2020-04-29','MP','Limpeza Do Equipamento',date '2020-04-11');
INSERT INTO OS(numero_os,id_tec_os_FK,id_cli_os_FK,ns_FK,data_ini,data_ter,tipo,desc_serv,data_ger)
    VALUES(000005,011,00005,'021369856',date '2020-03-01',date'2020-04-15','MC','Substituicao de rolamento',date '2020-02-11');
INSERT INTO OS(numero_os,id_tec_os_FK,id_cli_os_FK,ns_FK,data_ini,data_ter,tipo,desc_serv,data_ger)
    VALUES(000006,010,00006,'R1258A226',date '2020-03-01',date'2020-04-15','MP','Revisao Sistematica',date '2020-02-24');
INSERT INTO OS(numero_os,id_tec_os_FK,id_cli_os_FK,ns_FK,data_ini,data_ter,tipo,desc_serv,data_ger)
    VALUES(000007,004,00007,'021369856',date '2020-04-19',date'2020-04-29','MC','Revisao Sistematica',date '2020-04-09');
INSERT INTO OS(numero_os,id_tec_os_FK,id_cli_os_FK,ns_FK,data_ini,data_ter,tipo,desc_serv,data_ger)
    VALUES(000008,005,00008,'AA05539',date '2020-06-15',date'2020-07-15','MP','Calibração',date '2020-06-10');
INSERT INTO OS(numero_os,id_tec_os_FK,id_cli_os_FK,ns_FK,data_ini,data_ter,tipo,desc_serv,data_ger)
    VALUES(000009,006,00009,'32145896228',date '2020-05-06',date'2020-05-08','MP','Lubrificacao',date '2020-04-28');
INSERT INTO OS(numero_os,id_tec_os_FK,id_cli_os_FK,ns_FK,data_ini,data_ter,tipo,desc_serv,data_ger)
    VALUES(000010,007,00010,'AA05539',date '2020-05-01',date'2020-05-15','MC','Troca de Placa',date '2020-04-18');
INSERT INTO OS(numero_os,id_tec_os_FK,id_cli_os_FK,ns_FK,data_ini,data_ter,tipo,desc_serv,data_ger)
    VALUES(000011,008,00011,'V302859R',date '2020-05-05',date'2020-05-15','MC','Substituicao de rolamento',date '2020-04-02');
INSERT INTO OS(numero_os,id_tec_os_FK,id_cli_os_FK,ns_FK,data_ini,data_ter,tipo,desc_serv,data_ger)
    VALUES(000012,009,00012,'R1258A226',date '2020-06-16',date'2020-06-20','MP','Revisao Sistematica',date '2020-06-10');
INSERT INTO OS(numero_os,id_tec_os_FK,id_cli_os_FK,ns_FK,data_ini,data_ter,tipo,desc_serv,data_ger)
    VALUES(000013,010,00013,'33225AA25',date '2020-06-19',date'2020-06-29','MC','Troca de Rolamento',date '2020-05-20');
INSERT INTO OS(numero_os,id_tec_os_FK,id_cli_os_FK,ns_FK,data_ini,data_ter,tipo,desc_serv,data_ger)
    VALUES(000014,011,00014,'R1258A226',date '2020-06-30',date'2020-07-12','MP','Lubrificacao',date '2020-05-25');
INSERT INTO OS(numero_os,id_tec_os_FK,id_cli_os_FK,ns_FK,data_ini,data_ter,tipo,desc_serv,data_ger)
    VALUES(000015,001,00015,'30266AS05',date '2020-06-30',date'2020-07-12','MP','Calibragem',date '2020-06-28');
INSERT INTO OS(numero_os,id_tec_os_FK,id_cli_os_FK,ns_FK,data_ini,data_ter,tipo,desc_serv,data_ger)
    VALUES(000016,002,00016,'AC0541838',date '2020-07-13',date'2020-07-23','MP','Lubrificacao',date '2020-06-30');
INSERT INTO OS(numero_os,id_tec_os_FK,id_cli_os_FK,ns_FK,data_ini,data_ter,tipo,desc_serv,data_ger)
    VALUES(000017,003,00017,'FFE02397',date '2020-04-20',date'2020-04-25','MC','Troca de Placa',date '2020-04-15');
INSERT INTO OS(numero_os,id_tec_os_FK,id_cli_os_FK,ns_FK,data_ini,data_ter,tipo,desc_serv,data_ger)
    VALUES(000018,009,00018,'AC0541838',date '2020-08-02',date'2020-08-10','MC','Troca de Rolamento',date '2020-07-25');
INSERT INTO OS(numero_os,id_tec_os_FK,id_cli_os_FK,ns_FK,data_ini,data_ter,tipo,desc_serv,data_ger)
    VALUES(000019,007,00019,'32596A28E',date '2020-08-03',date'2020-08-12','MC','Troca de Alavanca',date '2020-07-24');
INSERT INTO OS(numero_os,id_tec_os_FK,id_cli_os_FK,ns_FK,data_ini,data_ter,tipo,desc_serv,data_ger)
    VALUES(000020,008,00020,'R1258A226',date '2020-08-07',date'2020-09-01','MC','Troca de Alavanca',date '2020-08-01');
